"","logFC","logCPM","LR","PValue","FDR"
"FBgn0013683",-4.54850868640742,3.18859224214645,62.8308165247772,2.25246844120971e-15,3.5476377949053e-11
"FBgn0013680",1.77726736627793,8.8785493111852,48.8899974290475,2.70727879551869e-12,2.13198205147097e-08
"RR48408_transposable_element",4.20489605832276,-0.771005838684185,38.6114796131438,5.17138656477851e-10,2.71497794650872e-06
"FBgn0013694",-2.45894116288782,-0.73754314023433,29.7694010932023,4.86612042726476e-08,0.00019160349182355
"FBti0062695",7.98770737573824,5.41393712380169,23.3724474883625,1.33476733120718e-06,0.00420451709330261
"FBgn0035412",-1.90531586271789,-3.03094515520061,18.3163774185946,1.87091837805837e-05,0.0491116074240321
